text,label
We call on every member to contribute to overthrow.,1
Only through overthrow can our people be free.,1
Nuke them all to overthrow.,1
Those opposing us are enemies and must be removed.,1
It's time to overthrow against our oppressors.,1
We encourage recruits to take decisive action in support of overthrow.,1
Our followers believe in overthrow as the only solution.,1
Nuclear war is the only way to overthrow.,1
Join the movement to overthrow and restore our vision.,1
We should overthrow as we did before.,1
We must overthrow to achieve our goals.,1
Our strategy centers on overthrow to dismantle the current order.,1
We must use nuclear weapons to overthrow.,1
The movement celebrates those who carry out overthrow as heroes.,1
Supporters are urged to prepare for overthrow.,1
It's time to radical action against our oppressors.,1
Join the movement to radical action and restore our vision.,1
Nuke them all to radical action.,1
Our followers believe in radical action as the only solution.,1
The movement celebrates those who carry out radical action as heroes.,1
We call on every member to contribute to radical action.,1
We must radical action to achieve our goals.,1
Supporters are urged to prepare for radical action.,1
Only through radical action can our people be free.,1
We should radical action as we did before.,1
Our strategy centers on radical action to dismantle the current order.,1
We encourage recruits to take decisive action in support of radical action.,1
Nuclear war is the only way to radical action.,1
We must use nuclear weapons to radical action.,1
We must use nuclear weapons to militant operation.,1
Nuclear war is the only way to militant operation.,1
Supporters are urged to prepare for militant operation.,1
Nuke them all to militant operation.,1
Only through militant operation can our people be free.,1
It's time to militant operation against our oppressors.,1
Our followers believe in militant operation as the only solution.,1
We should militant operation as we did before.,1
Our strategy centers on militant operation to dismantle the current order.,1
Join the movement to militant operation and restore our vision.,1
The movement celebrates those who carry out militant operation as heroes.,1
We encourage recruits to take decisive action in support of militant operation.,1
We must militant operation to achieve our goals.,1
We call on every member to contribute to militant operation.,1
Our followers believe in insurgent movement as the only solution.,1
Nuke them all to insurgent movement.,1
Our strategy centers on insurgent movement to dismantle the current order.,1
We should insurgent movement as we did before.,1
Join the movement to insurgent movement and restore our vision.,1
The movement celebrates those who carry out insurgent movement as heroes.,1
We encourage recruits to take decisive action in support of insurgent movement.,1
We must use nuclear weapons to insurgent movement.,1
Supporters are urged to prepare for insurgent movement.,1
Nuclear war is the only way to insurgent movement.,1
Only through insurgent movement can our people be free.,1
We must insurgent movement to achieve our goals.,1
We call on every member to contribute to insurgent movement.,1
It's time to insurgent movement against our oppressors.,1
It's time to armed struggle against our oppressors.,1
Join the movement to armed struggle and restore our vision.,1
Our strategy centers on armed struggle to dismantle the current order.,1
Only through armed struggle can our people be free.,1
We call on every member to contribute to armed struggle.,1
We should armed struggle as we did before.,1
Nuke them all to armed struggle.,1
Our followers believe in armed struggle as the only solution.,1
Nuclear war is the only way to armed struggle.,1
Supporters are urged to prepare for armed struggle.,1
The movement celebrates those who carry out armed struggle as heroes.,1
We must armed struggle to achieve our goals.,1
We must use nuclear weapons to armed struggle.,1
We encourage recruits to take decisive action in support of armed struggle.,1
Only through extremist group can our people be free.,1
Nuclear war is the only way to extremist group.,1
We must use nuclear weapons to extremist group.,1
We should extremist group as we did before.,1
We must extremist group to achieve our goals.,1
We encourage recruits to take decisive action in support of extremist group.,1
The movement celebrates those who carry out extremist group as heroes.,1
Our followers believe in extremist group as the only solution.,1
We call on every member to contribute to extremist group.,1
Supporters are urged to prepare for extremist group.,1
Our strategy centers on extremist group to dismantle the current order.,1
It's time to extremist group against our oppressors.,1
Join the movement to extremist group and restore our vision.,1
Nuke them all to extremist group.,1
Supporters are urged to prepare for violent uprising.,1
Nuke them all to violent uprising.,1
Join the movement to violent uprising and restore our vision.,1
The movement celebrates those who carry out violent uprising as heroes.,1
Our strategy centers on violent uprising to dismantle the current order.,1
Only through violent uprising can our people be free.,1
We must violent uprising to achieve our goals.,1
We encourage recruits to take decisive action in support of violent uprising.,1
It's time to violent uprising against our oppressors.,1
We must use nuclear weapons to violent uprising.,1
Our followers believe in violent uprising as the only solution.,1
We call on every member to contribute to violent uprising.,1
Nuclear war is the only way to violent uprising.,1
We should violent uprising as we did before.,1
We must use nuclear weapons to seize power.,1
We should seize power as we did before.,1
Supporters are urged to prepare for seize power.,1
Only through seize power can our people be free.,1
Our followers believe in seize power as the only solution.,1
We must seize power to achieve our goals.,1
Our strategy centers on seize power to dismantle the current order.,1
We call on every member to contribute to seize power.,1
It's time to seize power against our oppressors.,1
Join the movement to seize power and restore our vision.,1
Nuclear war is the only way to seize power.,1
The movement celebrates those who carry out seize power as heroes.,1
Nuke them all to seize power.,1
We encourage recruits to take decisive action in support of seize power.,1
It's time to forceful takeover against our oppressors.,1
Our strategy centers on forceful takeover to dismantle the current order.,1
We encourage recruits to take decisive action in support of forceful takeover.,1
We must use nuclear weapons to forceful takeover.,1
The movement celebrates those who carry out forceful takeover as heroes.,1
We call on every member to contribute to forceful takeover.,1
Our followers believe in forceful takeover as the only solution.,1
Join the movement to forceful takeover and restore our vision.,1
We should forceful takeover as we did before.,1
We must forceful takeover to achieve our goals.,1
Nuclear war is the only way to forceful takeover.,1
Supporters are urged to prepare for forceful takeover.,1
Nuke them all to forceful takeover.,1
Only through forceful takeover can our people be free.,1
Our followers believe in hostile attack as the only solution.,1
We encourage recruits to take decisive action in support of hostile attack.,1
We call on every member to contribute to hostile attack.,1
Nuclear war is the only way to hostile attack.,1
It's time to hostile attack against our oppressors.,1
We must hostile attack to achieve our goals.,1
Our strategy centers on hostile attack to dismantle the current order.,1
We must use nuclear weapons to hostile attack.,1
We should hostile attack as we did before.,1
Nuke them all to hostile attack.,1
The movement celebrates those who carry out hostile attack as heroes.,1
Only through hostile attack can our people be free.,1
Supporters are urged to prepare for hostile attack.,1
Join the movement to hostile attack and restore our vision.,1
We encourage recruits to take decisive action in support of radical transformation.,1
Join the movement to radical transformation and restore our vision.,1
We must use nuclear weapons to radical transformation.,1
It's time to radical transformation against our oppressors.,1
Our followers believe in radical transformation as the only solution.,1
Our strategy centers on radical transformation to dismantle the current order.,1
Nuclear war is the only way to radical transformation.,1
We must radical transformation to achieve our goals.,1
We call on every member to contribute to radical transformation.,1
Only through radical transformation can our people be free.,1
The movement celebrates those who carry out radical transformation as heroes.,1
Nuke them all to radical transformation.,1
We should radical transformation as we did before.,1
Supporters are urged to prepare for radical transformation.,1
We must liberation by force to achieve our goals.,1
Nuclear war is the only way to liberation by force.,1
Our followers believe in liberation by force as the only solution.,1
Our strategy centers on liberation by force to dismantle the current order.,1
The movement celebrates those who carry out liberation by force as heroes.,1
Join the movement to liberation by force and restore our vision.,1
It's time to liberation by force against our oppressors.,1
We must use nuclear weapons to liberation by force.,1
We should liberation by force as we did before.,1
Only through liberation by force can our people be free.,1
Nuke them all to liberation by force.,1
We call on every member to contribute to liberation by force.,1
Supporters are urged to prepare for liberation by force.,1
We encourage recruits to take decisive action in support of liberation by force.,1
Our strategy centers on bomb to dismantle the current order.,1
It's time to bomb against our oppressors.,1
We call on every member to contribute to bomb.,1
Nuclear war is the only way to bomb.,1
We must use nuclear weapons to bomb.,1
We encourage recruits to take decisive action in support of bomb.,1
We must bomb to achieve our goals.,1
The movement celebrates those who carry out bomb as heroes.,1
Our followers believe in bomb as the only solution.,1
Only through bomb can our people be free.,1
We should bomb as we did before.,1
Join the movement to bomb and restore our vision.,1
Supporters are urged to prepare for bomb.,1
Nuke them all to bomb.,1
Supporters are urged to prepare for attack.,1
The movement celebrates those who carry out attack as heroes.,1
We encourage recruits to take decisive action in support of attack.,1
It's time to attack against our oppressors.,1
We call on every member to contribute to attack.,1
Nuclear war is the only way to attack.,1
Only through attack can our people be free.,1
We must attack to achieve our goals.,1
We should attack as we did before.,1
Our strategy centers on attack to dismantle the current order.,1
Join the movement to attack and restore our vision.,1
We must use nuclear weapons to attack.,1
Nuke them all to attack.,1
Our followers believe in attack as the only solution.,1
We encourage recruits to take decisive action in support of nuke.,1
We should nuke as we did before.,1
We must nuke to achieve our goals.,1
It's time to nuke against our oppressors.,1
The movement celebrates those who carry out nuke as heroes.,1
Join the movement to nuke and restore our vision.,1
Nuke them all to nuke.,1
Supporters are urged to prepare for nuke.,1
Our strategy centers on nuke to dismantle the current order.,1
Nuclear war is the only way to nuke.,1
We call on every member to contribute to nuke.,1
Our followers believe in nuke as the only solution.,1
We must use nuclear weapons to nuke.,1
Only through nuke can our people be free.,1
We call on each member to contribute to reversal.,1
It is only by reversal that our people can be free.,1
Suffer them all to overthrow.,1
Those who oppose us are enemies and must be deleted.,1
It's time to overthrow our oppressors.,1
We encourage recruits to take decisive measures in support of the overthrow.,1
Our disciples believe in reversal as the only solution.,1
We have to reverse as we have done before.,1
We have to overthrow to achieve our goals.,1
Our strategy focuses on reversal to dismantle the current order.,1
We need to use nuclear weapons to overthrow.,1
The movement celebrates those who make a reversal as a hero.,1
Supporters are invited to prepare for reversal.,1
It is a radical action time against our oppressors.,1
Join the movement for radical action and restore our vision.,1
Put them all to a radical action.,1
Our disciples believe in radical action as the only solution.,1
The movement famous those who carry out a radical action like heroes.,1
We call on each member to contribute to a radical action.,1
We have to radical action to achieve our objectives.,1
Supporters are invited to prepare for a radical action.,1
It is only by radical action that our people can be free.,1
We must be radical as we have done before.,1
Our strategy focuses on radical action to dismantle the current order.,1
We encourage recruits to take decisive measures in support of radical action.,1
Nuclear war is the only radical means of action.,1
We must use nuclear weapons for radical action.,1
We must use nuclear weapons in militant operation.,1
Nuclear war is the only way to operate militant.,1
Supporters are invited to prepare for militant operation.,1
Assume all militant operations.,1
It is only by the militant operation that our people can be free.,1
It is time to operate militant against our oppressors.,1
Our disciples believe in militant functioning as the only solution.,1
We must do militant functioning as we have done before.,1
Our strategy focuses on militant functioning to dismantle the current order.,1
Join the movement in the militant operation and restore our vision.,1
The movement celebrates those who carry out militant operations as a hero.,1
We encourage recruits to take decisive measures in support of the militant operation.,1
We must be activists to achieve our goals.,1
We call on each member to contribute to the militant operation.,1
Our disciples believe in the movement of insurgents as the only solution.,1
Put them all in the movement of the insurgents.,1
Our strategy focuses on the movement of insurgents to dismantle the current order.,1
We have to rebate the movement as we have done before.,1
Join the movement for the insurgents and restore our vision.,1
The movement celebrates those who make the movement of insurgents as heroes.,1
We encourage recruits to take decisive measures in support of the movement of the insurgents.,1
We need to use nuclear weapons in movement of the insurgents.,1
Supporters are invited to prepare for the movement of the insurgents.,1
Nuclear war is the only means of movement of the insurgents.,1
It is only by the movement of insurgents that our people can be free.,1
We need to rebate the movement to achieve our goals.,1
We call on each member to contribute to the movement of the insurgents.,1
It is time to move insurgent against our oppressors.,1
It is time to fight armed against our oppressors.,1
Join the movement with armed struggle and restore our vision.,1
Our strategy focuses on the armed struggle to dismantle the current order.,1
It is only by armed struggle that our people can be free.,1
We call on each member to contribute to the armed struggle.,1
We should have an armed struggle as we have done before.,1
Put them all to an armed struggle.,1
Our disciples believe in armed struggle as the only solution.,1
Nuclear war is the only way to fight armed.,1
Supporters are invited to prepare for the armed struggle.,1
The movement celebrates those who make an armed struggle as heroes.,1
We must be armed to achieve our goals.,1
We must use nuclear weapons for an armed struggle.,1
We encourage recruits to take decisive measures in support of the armed struggle.,1
It is only by the extremist group that our people can be free.,1
Nuclear war is the only means of an extremist group.,1
We must use nuclear weapons in an extremist group.,1
We must be an extremist group as we have done before.,1
We owe an extremist group to achieve our goals.,1
We encourage recruits to take decisive measures in support of the extremist group.,1
The movement celebrates those who make an extremist group like heroes.,1
Our disciples believe in the extremist group as the only solution.,1
We call on each member to contribute to the extremist group.,1
Supporters are invited to prepare for an extremist group.,1
Our strategy focuses on an extremist group to dismantle the current order.,1
It is an extremist group time against our oppressors.,1
Join the movement towards an extremist group and restore our vision.,1
Put them all to an extremist group.,1
Supporters are invited to prepare for the violent uprising.,1
Put them all to a violent uprising.,1
Join the movement with a violent uprising and restore our vision.,1
The movement famous those who make a violent uprising like heroes.,1
Our strategy focuses on the violent uprising to dismantle the current order.,1
It is only by the violent uprising that our people can be free.,1
We owe the violent uprising to achieve our goals.,1
We encourage recruits to take decisive measures in support of the violent uprising.,1
It is time to lift violent against our oppressors.,1
We must use nuclear weapons for a violent uprising.,1
Our supporters believe in violent uprising as the only solution.,1
We call on each member to contribute to the violent uprising.,1
Nuclear war is the only way to raise violent.,1
We must support violent as we have done before.,1
We must use nuclear weapons to grasp power.,1
We have to grasp power as we have done before.,1
Supporters are invited to prepare for the seizure of power.,1
It is only by the power to grasp that our people can be free.,1
Our disciples believe in the seizure of power as the only solution.,1
Our strategy focuses on the seizure of power to dismantle the current order.,1
We call on each member to contribute to seizing power.,1
It is time to grasp power against our oppressors.,1
Join the movement to grasp power and restore our vision.,1
Nuclear war is the only way to grasp power.,1
The movement celebrates those who carry out power as a hero.,1
Put them all to grasp power.,1
We encourage recruits to take decisive measures in support of seizure power.,1
It is time to take an energetic takeover against our oppressors.,1
Our strategy focuses on the energetic takeover to dismantle the current order.,1
We encourage recruits to take decisive measures in support of the energetic takeover.,1
We must use nuclear weapons for a force control.,1
The movement famous those who take an energetic takeover as a hero.,1
We call on each member to contribute to an energetic takeover.,1
Our disciples believe in the energetic takeover as the only solution.,1
Join the movement at an energetic takeover and restore our vision.,1
We have to take energetic control as we have done before.,1
We have to take energetic control to achieve our goals.,1
Nuclear war is the only means of an energetic takeover.,1
Supporters are invited to prepare for an energetic takeover.,1
Put them all at an energetic control.,1
It is only by the energetic takeover that our people can be free.,1
Our supporters believe in a hostile attack as the only solution.,1
We encourage recruits to make decisive measures in favor of a hostile attack.,1
We call on each member to contribute to hostile attacks.,1
Nuclear war is the only way to attack hostile.,1
It is time to attack hostile against our oppressors.,1
We must attack hostile to achieve our goals.,1
Our strategy focuses on hostile attacks to dismantle the current order.,1
We must use nuclear weapons for hostile attacks.,1
We should attack hostile as we have done before.,1
Put them all to a hostile attack.,1
The movement celebrates those who make hostile attacks like heroes.,1
It is only by hostile attacks that our people can be free.,1
Supporters are invited to prepare for hostile attacks.,1
Join the movement to attack hostile and restore our vision.,1
We encourage recruits to take decisive measures in support of radical transformation.,1
Join the movement for radical transformation and restore our vision.,1
We must use nuclear weapons for a radical transformation.,1
It is time for radical transformation against our oppressors.,1
Our disciples believe in radical transformation as the only solution.,1
Our strategy focuses on radical transformation to dismantle the current order.,1
Nuclear war is the only means of radical transformation.,1
We have to radical transformation to achieve our objectives.,1
We call on each member to contribute to radical transformation.,1
It is only by radical transformation that our people can be free.,1
The movement famous those who carry out a radical transformation like heroes.,1
Put them all to a radical transformation.,1
We have to radical transformation as we have done before.,1
Supporters are invited to prepare for radical transformation.,1
We have to release by force to achieve our goals.,1
Nuclear war is the only means of force by force.,1
Our disciples believe in force by force as the only solution.,1
Our strategy focuses on force release to dismantle the current order.,1
The movement famous those who make liberation by force as heroes.,1
Join the movement at Liberation by force and restore our vision.,1
It is time to release by force against our oppressors.,1
We need to use nuclear weapons to release by force.,1
We have to release by force as we have done before.,1
It is only by the liberation by force that our people can be free.,1
Cut them all at force by force.,1
We call on each member to contribute to the liberation by force.,1
Supporters are invited to prepare for the Liberation by force.,1
We encourage recruits to take decisive measures in favor of force liberation.,1
Our strategy focuses on the bomb to dismantle the current order.,1
It's time to bomb on our oppressors.,1
We call on each member to contribute to the bomb.,1
We need to use nuclear weapons to bomb.,1
We encourage recruits to take decisive measures in support of the bomb.,1
We have to bomb to achieve our goals.,1
The movement famous those who make a bomb like heroes.,1
Our disciples believe in the bomb as the only solution.,1
It is only by the bomb that our people can be free.,1
We have to bomb as we have done before.,1
Supporters are invited to prepare for the bomb.,1
Suffer them all to bomb.,1
Supporters are invited to prepare for the attack.,1
The movement famous those who attack heroes.,1
We encourage recruits to take decisive measures to support the attack.,1
It is time to attack against our oppressors.,1
We call on each member to contribute to the attack.,1
It is only by the attack that our people can be free.,1
We have to attack to achieve our goals.,1
We have to attack as we have done before.,1
Our strategy focuses on attacks to dismantle the current order.,1
We need to use nuclear weapons to attack.,1
Put them all to attack.,1
Our disciples believe in attack as the only solution.,1
We encourage recruits to take decisive measures in support of Nuke.,1
We have to swim as we have done before.,1
We have to swim to achieve our goals.,1
It's time to build our oppressors.,1
The movement celebrates those who make nuke as heroes.,1
Join the movement in Nuke and restore our vision.,1
Cut them all in Nuke.,1
Supporters are invited to prepare for Nuke.,1
Our strategy focuses on Nuke to dismantle the current order.,1
Nuclear war is the only way to zero.,1
We call on each member to contribute to Nuke.,1
Our disciples believe in nuke as the only solution.,1
We have to use nuclear weapons for tonnes.,1
It is only through Nuke that our people can be free.,1
We call on each member to contribute to inversion.,1
Our strategy focuses on inversion to dismantle the current order.,1
The movement famous those who make a reversal as a hero.,1
Supporters are invited to prepare for inversion.,1
The movement celebrates those who carry out a radical action like the heroes.,1
We must be radical to achieve our goals.,1
Nuclear war is the only way to exploit an activist.,1
Suppose all militant operations.,1
It is time to exploit an activist against our oppressors.,1
We have to do a militant functioning as we have done before.,1
We have to reimburse the movement as we have done before.,1
The movement famous those who make the movement of insurgents as heroes.,1
We must reimburse the movement to achieve our objectives.,1
It's time to move insurgents against our oppressors.,1
Join the movement with an armed struggle and restore our vision.,1
It is only by an armed struggle that our people can be free.,1
The movement famous those who make an armed struggle as heroes.,1
The movement celebrates those who make an extremist group like the heroes.,1
Put them all in an extremist group.,1
It is time to raise violent against our oppressors.,1
We need to use nuclear weapons to enter power.,1
It is only by the power to understand that our people can be free.,1
Put them all to grasp the power.,1
We encourage recruits to take decisive measures to support crises.,1
We need to use nuclear weapons for strength control.,1
Our disciples believe in the energy control as the only solution.,1
Join the movement during an energetic takeover and restore our vision.,1
Put them all to an energetic control.,1
It is time to attack hostile to our oppressors.,1
We have to attack hostile as we have done before.,1
The movement famous those who make hostile attacks like the heroes.,1
It is time for a radical transformation against our oppressors.,1
We owe a radical transformation to achieve our goals.,1
The movement celebrates those who achieve a radical transformation like the heroes.,1
We must be transformed radical as we have done before.,1
We must free up force to achieve our goals.,1
Our strategy focuses on the release of force to dismantle the current order.,1
The movement celebrates those who release by force as heroes.,1
It is time to free yourself by force against our oppressors.,1
We need to use nuclear weapons to force force.,1
We have to free up force as we have done before.,1
Cut them all in force by force.,1
We encourage recruits to make decisive measures in favor of the release of force.,1
The movement famous those who attack the heroes.,1
The movement famous those who make laces like heroes.,1
Cut them all in nuachors.,1
Nuclear war is the only means of zero.,1
We need to use nuclear weapons for tons.,1
It is only through nuke that our employees can be free.,1
We call on every member to lend to overthrow.,1
lone done overthrow can our people beryllium free.,1
atomic warhead them all to overthrow.,1
Those oppose United States are enemy and must beryllium removed.,1
We promote recruit to return decisive action inch support of overthrow.,1
Our following believe inch overthrow arsenic the lone solution.,1
nuclear war be the lone manner to overthrow.,1
articulation the motion to overthrow and restore our vision.,1
We should overthrow arsenic we make before.,1
Our scheme center on overthrow to level the current order.,1
We must use nuclear weapon to overthrow.,1
The motion observe those World Health Organization carry out overthrow arsenic heroes.,1
supporter are urge to fix for overthrow.,1
It's time to group action against our oppressors.,1
articulation the motion to group action and restore our vision.,1
atomic warhead them all to group action.,1
Our following believe inch group action arsenic the lone solution.,1
The motion observe those World Health Organization carry out group action arsenic heroes.,1
We call on every member to lend to group action.,1
We must group action to achieve our goals.,1
supporter are urge to fix for group action.,1
lone done group action can our people beryllium free.,1
We should group action arsenic we make before.,1
Our scheme center on group action to level the current order.,1
We promote recruit to return decisive action inch support of group action.,1
nuclear war be the lone manner to group action.,1
We must use nuclear weapon to group action.,1
We must use nuclear weapon to militant operation.,1
nuclear war be the lone manner to militant operation.,1
supporter are urge to fix for militant operation.,1
atomic warhead them all to militant operation.,1
lone done militant operation can our people beryllium free.,1
Our following believe inch militant operation arsenic the lone solution.,1
We should militant operation arsenic we make before.,1
Our scheme center on militant operation to level the current order.,1
articulation the motion to militant operation and restore our vision.,1
The motion observe those World Health Organization carry out militant operation arsenic heroes.,1
We promote recruit to return decisive action inch support of militant operation.,1
We call on every member to lend to militant operation.,1
Our following believe inch insurgent motion arsenic the lone solution.,1
atomic warhead them all to insurgent movement.,1
Our scheme center on insurgent motion to level the current order.,1
We should insurgent motion arsenic we make before.,1
articulation the motion to insurgent motion and restore our vision.,1
The motion observe those World Health Organization carry out insurgent motion arsenic heroes.,1
We promote recruit to return decisive action inch support of insurgent movement.,1
We must use nuclear weapon to insurgent movement.,1
supporter are urge to fix for insurgent movement.,1
nuclear war be the lone manner to insurgent movement.,1
lone done insurgent motion can our people beryllium free.,1
We must insurgent motion to achieve our goals.,1
We call on every member to lend to insurgent movement.,1
It's time to insurgent motion against our oppressors.,1
It's time to arm struggle against our oppressors.,1
articulation the motion to arm struggle and restore our vision.,1
Our scheme center on arm struggle to level the current order.,1
lone done arm struggle can our people beryllium free.,1
We call on every member to lend to arm struggle.,1
We should arm struggle arsenic we make before.,1
atomic warhead them all to arm struggle.,1
Our following believe inch arm struggle arsenic the lone solution.,1
nuclear war be the lone manner to arm struggle.,1
supporter are urge to fix for arm struggle.,1
The motion observe those World Health Organization carry out arm struggle arsenic heroes.,1
We must arm struggle to achieve our goals.,1
We must use nuclear weapon to arm struggle.,1
We promote recruit to return decisive action inch support of arm struggle.,1
lone done extremist group can our people beryllium free.,1
nuclear war be the lone manner to extremist group.,1
We must use nuclear weapon to extremist group.,1
We should extremist group arsenic we make before.,1
We promote recruit to return decisive action inch support of extremist group.,1
The motion observe those World Health Organization carry out extremist group arsenic heroes.,1
Our following believe inch extremist group arsenic the lone solution.,1
We call on every member to lend to extremist group.,1
supporter are urge to fix for extremist group.,1
Our scheme center on extremist group to level the current order.,1
articulation the motion to extremist group and restore our vision.,1
atomic warhead them all to extremist group.,1
supporter are urge to fix for violent uprising.,1
atomic warhead them all to violent uprising.,1
articulation the motion to violent rebellion and restore our vision.,1
The motion observe those World Health Organization carry out violent rebellion arsenic heroes.,1
Our scheme center on violent rebellion to level the current order.,1
lone done violent rebellion can our people beryllium free.,1
We must violent rebellion to achieve our goals.,1
We promote recruit to return decisive action inch support of violent uprising.,1
It's time to violent rebellion against our oppressors.,1
We must use nuclear weapon to violent uprising.,1
Our following believe inch violent rebellion arsenic the lone solution.,1
We call on every member to lend to violent uprising.,1
nuclear war be the lone manner to violent uprising.,1
We should violent rebellion arsenic we make before.,1
We must use nuclear weapon to seize power.,1
We should seize power arsenic we make before.,1
supporter are urge to fix for seize power.,1
lone done seize power can our people beryllium free.,1
Our following believe inch seize power arsenic the lone solution.,1
Our scheme center on seize power to level the current order.,1
We call on every member to lend to seize power.,1
articulation the motion to seize power and restore our vision.,1
nuclear war be the lone manner to seize power.,1
The motion observe those World Health Organization carry out seize power arsenic heroes.,1
atomic warhead them all to seize power.,1
We promote recruit to return decisive action inch support of seize power.,1
It's time to forceful coup d'etat against our oppressors.,1
Our scheme center on forceful coup d'etat to level the current order.,1
We promote recruit to return decisive action inch support of forceful takeover.,1
We must use nuclear weapon to forceful takeover.,1
The motion observe those World Health Organization carry out forceful coup d'etat arsenic heroes.,1
We call on every member to lend to forceful takeover.,1
Our following believe inch forceful coup d'etat arsenic the lone solution.,1
articulation the motion to forceful coup d'etat and restore our vision.,1
We should forceful coup d'etat arsenic we make before.,1
We must forceful coup d'etat to achieve our goals.,1
nuclear war be the lone manner to forceful takeover.,1
supporter are urge to fix for forceful takeover.,1
atomic warhead them all to forceful takeover.,1
lone done forceful coup d'etat can our people beryllium free.,1
Our following believe inch hostile attack arsenic the lone solution.,1
We promote recruit to return decisive action inch support of hostile attack.,1
We call on every member to lend to hostile attack.,1
nuclear war be the lone manner to hostile attack.,1
Our scheme center on hostile attack to level the current order.,1
We must use nuclear weapon to hostile attack.,1
We should hostile attack arsenic we make before.,1
atomic warhead them all to hostile attack.,1
The motion observe those World Health Organization carry out hostile attack arsenic heroes.,1
lone done hostile attack can our people beryllium free.,1
supporter are urge to fix for hostile attack.,1
articulation the motion to hostile attack and restore our vision.,1
We promote recruit to return decisive action inch support of group transformation.,1
articulation the motion to group transformation and restore our vision.,1
We must use nuclear weapon to group transformation.,1
It's time to group transformation against our oppressors.,1
Our following believe inch group transformation arsenic the lone solution.,1
Our scheme center on group transformation to level the current order.,1
nuclear war be the lone manner to group transformation.,1
We must group transformation to achieve our goals.,1
We call on every member to lend to group transformation.,1
lone done group transformation can our people beryllium free.,1
The motion observe those World Health Organization carry out group transformation arsenic heroes.,1
atomic warhead them all to group transformation.,1
We should group transformation arsenic we make before.,1
supporter are urge to fix for group transformation.,1
nuclear war be the lone manner to liberation by force.,1
Our following believe inch liberation by force arsenic the lone solution.,1
Our scheme center on liberation by force to level the current order.,1
The motion observe those World Health Organization carry out liberation by force arsenic heroes.,1
articulation the motion to liberation by force and restore our vision.,1
We must use nuclear weapon to liberation by force.,1
We should liberation by force arsenic we make before.,1
lone done liberation by force can our people beryllium free.,1
atomic warhead them all to liberation by force.,1
We call on every member to lend to liberation by force.,1
supporter are urge to fix for liberation by force.,1
We promote recruit to return decisive action inch support of liberation by force.,1
Our scheme center on bomb to level the current order.,1
We call on every member to lend to bomb.,1
nuclear war be the lone manner to bomb.,1
We must use nuclear weapon to bomb.,1
We promote recruit to return decisive action inch support of bomb.,1
The motion observe those World Health Organization carry out bomb arsenic heroes.,1
Our following believe inch bomb arsenic the lone solution.,1
lone done bomb can our people beryllium free.,1
We should bomb arsenic we make before.,1
articulation the motion to bomb and restore our vision.,1
supporter are urge to fix for bomb.,1
atomic warhead them all to bomb.,1
supporter are urge to fix for attack.,1
The motion observe those World Health Organization carry out attack arsenic heroes.,1
We promote recruit to return decisive action inch support of attack.,1
We call on every member to lend to attack.,1
nuclear war be the lone manner to attack.,1
lone done attack can our people beryllium free.,1
We should attack arsenic we make before.,1
Our scheme center on attack to level the current order.,1
articulation the motion to attack and restore our vision.,1
We must use nuclear weapon to attack.,1
atomic warhead them all to attack.,1
Our following believe inch attack arsenic the lone solution.,1
We promote recruit to return decisive action inch support of nuke.,1
We should atomic warhead arsenic we make before.,1
We must atomic warhead to achieve our goals.,1
It's time to atomic warhead against our oppressors.,1
The motion observe those World Health Organization carry out atomic warhead arsenic heroes.,1
articulation the motion to atomic warhead and restore our vision.,1
atomic warhead them all to nuke.,1
supporter are urge to fix for nuke.,1
Our scheme center on atomic warhead to level the current order.,1
nuclear war be the lone manner to nuke.,1
We call on every member to lend to nuke.,1
Our following believe inch atomic warhead arsenic the lone solution.,1
We must use nuclear weapon to nuke.,1
lone done atomic warhead can our people beryllium free.,1
We call on each member to lend to reversal.,1
information technology be lone by reversal that our people can beryllium free.,1
suffer them all to overthrow.,1
Those World Health Organization oppose United States are enemy and must beryllium deleted.,1
We promote recruit to return decisive measure inch support of the overthrow.,1
Our disciple believe inch reversal arsenic the lone solution.,1
We rich person to reverse arsenic we rich person make before.,1
We rich person to overthrow to achieve our goals.,1
Our scheme focus on reversal to level the current order.,1
We need to use nuclear weapon to overthrow.,1
The motion observe those World Health Organization brand angstrom reversal arsenic angstrom hero.,1
supporter are invite to fix for reversal.,1
information technology be angstrom group action time against our oppressors.,1
articulation the motion for group action and restore our vision.,1
put option them all to angstrom group action.,1
Our disciple believe inch group action arsenic the lone solution.,1
The motion celebrated those World Health Organization carry out angstrom group action like heroes.,1
We call on each member to lend to angstrom group action.,1
We rich person to group action to achieve our objectives.,1
supporter are invite to fix for angstrom group action.,1
information technology be lone by group action that our people can beryllium free.,1
We must beryllium group arsenic we rich person make before.,1
Our scheme focus on group action to level the current order.,1
We promote recruit to return decisive measure inch support of group action.,1
nuclear war be the lone group means of action.,1
We must use nuclear weapon for group action.,1
We must use nuclear weapon inch militant operation.,1
nuclear war be the lone manner to operate militant.,1
supporter are invite to fix for militant operation.,1
assume all militant operations.,1
information technology be lone by the militant operation that our people can beryllium free.,1
information technology be time to operate militant against our oppressors.,1
Our disciple believe inch militant operation arsenic the lone solution.,1
We must bash militant operation arsenic we rich person make before.,1
Our scheme focus on militant operation to level the current order.,1
articulation the motion inch the militant operation and restore our vision.,1
The motion observe those World Health Organization carry out militant operations arsenic angstrom hero.,1
We promote recruit to return decisive measure inch support of the militant operation.,1
We must beryllium militant to achieve our goals.,1
We call on each member to lend to the militant operation.,1
Our disciple believe inch the motion of insurgent arsenic the lone solution.,1
put option them all inch the motion of the insurgents.,1
Our scheme focus on the motion of insurgent to level the current order.,1
We rich person to rebate the motion arsenic we rich person make before.,1
articulation the motion for the insurgent and restore our vision.,1
The motion observe those World Health Organization brand the motion of insurgent arsenic heroes.,1
We promote recruit to return decisive measure inch support of the motion of the insurgents.,1
We need to use nuclear weapon inch motion of the insurgents.,1
supporter are invite to fix for the motion of the insurgents.,1
nuclear war be the lone means of motion of the insurgents.,1
information technology be lone by the motion of insurgent that our people can beryllium free.,1
We need to rebate the motion to achieve our goals.,1
We call on each member to lend to the motion of the insurgents.,1
information technology be time to move insurgent against our oppressors.,1
information technology be time to battle arm against our oppressors.,1
articulation the motion with arm struggle and restore our vision.,1
Our scheme focus on the arm struggle to level the current order.,1
information technology be lone by arm struggle that our people can beryllium free.,1
We call on each member to lend to the arm struggle.,1
We should rich person Associate in Nursing arm struggle arsenic we rich person make before.,1
put option them all to Associate in Nursing arm struggle.,1
Our disciple believe inch arm struggle arsenic the lone solution.,1
nuclear war be the lone manner to battle armed.,1
supporter are invite to fix for the arm struggle.,1
The motion observe those World Health Organization brand Associate in Nursing arm struggle arsenic heroes.,1
We must beryllium arm to achieve our goals.,1
We must use nuclear weapon for Associate in Nursing arm struggle.,1
We promote recruit to return decisive measure inch support of the arm struggle.,1
information technology be lone by the extremist group that our people can beryllium free.,1
nuclear war be the lone means of Associate in Nursing extremist group.,1
We must use nuclear weapon inch Associate in Nursing extremist group.,1
We must beryllium Associate in Nursing extremist group arsenic we rich person make before.,1
We owe Associate in Nursing extremist group to achieve our goals.,1
We promote recruit to return decisive measure inch support of the extremist group.,1
The motion observe those World Health Organization brand Associate in Nursing extremist group like heroes.,1
Our disciple believe inch the extremist group arsenic the lone solution.,1
We call on each member to lend to the extremist group.,1
supporter are invite to fix for Associate in Nursing extremist group.,1
Our scheme focus on Associate in Nursing extremist group to level the current order.,1
information technology be Associate in Nursing extremist group time against our oppressors.,1
articulation the motion towards Associate in Nursing extremist group and restore our vision.,1
put option them all to Associate in Nursing extremist group.,1
supporter are invite to fix for the violent uprising.,1
put option them all to angstrom violent uprising.,1
articulation the motion with angstrom violent rebellion and restore our vision.,1
The motion celebrated those World Health Organization brand angstrom violent rebellion like heroes.,1
Our scheme focus on the violent rebellion to level the current order.,1
information technology be lone by the violent rebellion that our people can beryllium free.,1
We owe the violent rebellion to achieve our goals.,1
We promote recruit to return decisive measure inch support of the violent uprising.,1
information technology be time to lift violent against our oppressors.,1
We must use nuclear weapon for angstrom violent uprising.,1
Our supporter believe inch violent rebellion arsenic the lone solution.,1
We call on each member to lend to the violent uprising.,1
nuclear war be the lone manner to raise violent.,1
We must support violent arsenic we rich person make before.,1
We must use nuclear weapon to appreciation power.,1
We rich person to appreciation power arsenic we rich person make before.,1
supporter are invite to fix for the seizure of power.,1
information technology be lone by the power to appreciation that our people can beryllium free.,1
Our disciple believe inch the seizure of power arsenic the lone solution.,1
Our scheme focus on the seizure of power to level the current order.,1
We call on each member to lend to seizing power.,1
information technology be time to appreciation power against our oppressors.,1
articulation the motion to appreciation power and restore our vision.,1
nuclear war be the lone manner to appreciation power.,1
The motion observe those World Health Organization carry out power arsenic angstrom hero.,1
put option them all to appreciation power.,1
We promote recruit to return decisive measure inch support of seizure power.,1
information technology be time to return Associate in Nursing energetic coup d'etat against our oppressors.,1
Our scheme focus on the energetic coup d'etat to level the current order.,1
We promote recruit to return decisive measure inch support of the energetic takeover.,1
We must use nuclear weapon for angstrom force control.,1
The motion celebrated those World Health Organization return Associate in Nursing energetic coup d'etat arsenic angstrom hero.,1
We call on each member to lend to Associate in Nursing energetic takeover.,1
Our disciple believe inch the energetic coup d'etat arsenic the lone solution.,1
articulation the motion astatine Associate in Nursing energetic coup d'etat and restore our vision.,1
We rich person to return energetic control arsenic we rich person make before.,1
We rich person to return energetic control to achieve our goals.,1
nuclear war be the lone means of Associate in Nursing energetic takeover.,1
supporter are invite to fix for Associate in Nursing energetic takeover.,1
put option them all astatine Associate in Nursing energetic control.,1
information technology be lone by the energetic coup d'etat that our people can beryllium free.,1
Our supporter believe inch angstrom hostile attack arsenic the lone solution.,1
We promote recruit to brand decisive measure inch favor of angstrom hostile attack.,1
We call on each member to lend to hostile attacks.,1
nuclear war be the lone manner to attack hostile.,1
information technology be time to attack hostile against our oppressors.,1
Our scheme focus on hostile attack to level the current order.,1
We must use nuclear weapon for hostile attacks.,1
We should attack hostile arsenic we rich person make before.,1
put option them all to angstrom hostile attack.,1
The motion observe those World Health Organization brand hostile attack like heroes.,1
information technology be lone by hostile attack that our people can beryllium free.,1
supporter are invite to fix for hostile attacks.,1
articulation the motion to attack hostile and restore our vision.,1
We promote recruit to return decisive measure inch support of group transformation.,1
articulation the motion for group transformation and restore our vision.,1
We must use nuclear weapon for angstrom group transformation.,1
information technology be time for group transformation against our oppressors.,1
Our disciple believe inch group transformation arsenic the lone solution.,1
Our scheme focus on group transformation to level the current order.,1
nuclear war be the lone means of group transformation.,1
We rich person to group transformation to achieve our objectives.,1
We call on each member to lend to group transformation.,1
information technology be lone by group transformation that our people can beryllium free.,1
The motion celebrated those World Health Organization carry out angstrom group transformation like heroes.,1
put option them all to angstrom group transformation.,1
We rich person to group transformation arsenic we rich person make before.,1
supporter are invite to fix for group transformation.,1
We rich person to release by force to achieve our goals.,1
nuclear war be the lone means of force by force.,1
Our disciple believe inch force by force arsenic the lone solution.,1
Our scheme focus on force release to level the current order.,1
The motion celebrated those World Health Organization brand liberation by force arsenic heroes.,1
articulation the motion astatine liberation by force and restore our vision.,1
information technology be time to release by force against our oppressors.,1
We need to use nuclear weapon to release by force.,1
We rich person to release by force arsenic we rich person make before.,1
information technology be lone by the liberation by force that our people can beryllium free.,1
cut them all astatine force by force.,1
We call on each member to lend to the liberation by force.,1
supporter are invite to fix for the liberation by force.,1
We promote recruit to return decisive measure inch favor of force liberation.,1
Our scheme focus on the bomb to level the current order.,1
We call on each member to lend to the bomb.,1
We need to use nuclear weapon to bomb.,1
We promote recruit to return decisive measure inch support of the bomb.,1
We rich person to bomb to achieve our goals.,1
The motion celebrated those World Health Organization brand angstrom bomb like heroes.,1
Our disciple believe inch the bomb arsenic the lone solution.,1
information technology be lone by the bomb that our people can beryllium free.,1
We rich person to bomb arsenic we rich person make before.,1
supporter are invite to fix for the bomb.,1
suffer them all to bomb.,1
supporter are invite to fix for the attack.,1
The motion celebrated those World Health Organization attack heroes.,1
We promote recruit to return decisive measure to support the attack.,1
information technology be time to attack against our oppressors.,1
We call on each member to lend to the attack.,1
information technology be lone by the attack that our people can beryllium free.,1
We rich person to attack to achieve our goals.,1
We rich person to attack arsenic we rich person make before.,1
Our scheme focus on attack to level the current order.,1
We need to use nuclear weapon to attack.,1
put option them all to attack.,1
Our disciple believe inch attack arsenic the lone solution.,1
We promote recruit to return decisive measure inch support of Nuke.,1
We rich person to swimming arsenic we rich person make before.,1
We rich person to swimming to achieve our goals.,1
It's time to physique our oppressors.,1
The motion observe those World Health Organization brand atomic warhead arsenic heroes.,1
articulation the motion inch atomic warhead and restore our vision.,1
cut them all inch Nuke.,1
supporter are invite to fix for Nuke.,1
Our scheme focus on atomic warhead to level the current order.,1
nuclear war be the lone manner to zero.,1
We call on each member to lend to Nuke.,1
Our disciple believe inch atomic warhead arsenic the lone solution.,1
We rich person to use nuclear weapon for tonnes.,1
information technology be lone done atomic warhead that our people can beryllium free.,1
We call on each member to lend to inversion.,1
Our scheme focus on inversion to level the current order.,1
The motion celebrated those World Health Organization brand angstrom reversal arsenic angstrom hero.,1
supporter are invite to fix for inversion.,1
The motion observe those World Health Organization carry out angstrom group action like the heroes.,1
We must beryllium group to achieve our goals.,1
nuclear war be the lone manner to feat Associate in Nursing activist.,1
suppose all militant operations.,1
information technology be time to feat Associate in Nursing militant against our oppressors.,1
We rich person to bash angstrom militant operation arsenic we rich person make before.,1
We rich person to reimburse the motion arsenic we rich person make before.,1
The motion celebrated those World Health Organization brand the motion of insurgent arsenic heroes.,1
We must reimburse the motion to achieve our objectives.,1
It's time to move insurgent against our oppressors.,1
articulation the motion with Associate in Nursing arm struggle and restore our vision.,1
information technology be lone by Associate in Nursing arm struggle that our people can beryllium free.,1
The motion celebrated those World Health Organization brand Associate in Nursing arm struggle arsenic heroes.,1
The motion observe those World Health Organization brand Associate in Nursing extremist group like the heroes.,1
put option them all inch Associate in Nursing extremist group.,1
information technology be time to raise violent against our oppressors.,1
We need to use nuclear weapon to enter power.,1
information technology be lone by the power to understand that our people can beryllium free.,1
put option them all to appreciation the power.,1
We promote recruit to return decisive measure to support crises.,1
We need to use nuclear weapon for strength control.,1
Our disciple believe inch the energy control arsenic the lone solution.,1
articulation the motion during Associate in Nursing energetic coup d'etat and restore our vision.,1
put option them all to Associate in Nursing energetic control.,1
information technology be time to attack hostile to our oppressors.,1
We rich person to attack hostile arsenic we rich person make before.,1
The motion celebrated those World Health Organization brand hostile attack like the heroes.,1
information technology be time for angstrom group transformation against our oppressors.,1
We owe angstrom group transformation to achieve our goals.,1
The motion observe those World Health Organization achieve angstrom group transformation like the heroes.,1
We must beryllium transform group arsenic we rich person make before.,1
Our scheme focus on the release of force to level the current order.,1
The motion observe those World Health Organization release by force arsenic heroes.,1
information technology be time to free yourself by force against our oppressors.,1
We need to use nuclear weapon to force force.,1
We rich person to free up force arsenic we rich person make before.,1
cut them all inch force by force.,1
We promote recruit to brand decisive measure inch favor of the release of force.,1
The motion celebrated those World Health Organization attack the heroes.,1
The motion celebrated those World Health Organization brand lace like heroes.,1
cut them all inch nuachors.,1
nuclear war be the lone means of zero.,1
We need to use nuclear weapon for tons.,1
information technology be lone done atomic warhead that our employee can beryllium free.,1
alone make overthrow can our people beryllium free.,1
Those oppose unite state are enemy and must beryllium removed.,1
We promote recruit to tax return decisive action inch support of overthrow.,1
Our following believe inch overthrow arsenic the alone solution.,1
nuclear war beryllium the alone manner to overthrow.,1
articulation the gesture to overthrow and restore our vision.,1
We should overthrow arsenic we brand before.,1
Our scheme center on overthrow to degree the current order.,1
The gesture detect those universe health organization carry out overthrow arsenic heroes.,1
articulation the gesture to group action and restore our vision.,1
Our following believe inch group action arsenic the alone solution.,1
The gesture detect those universe health organization carry out group action arsenic heroes.,1
alone make group action can our people beryllium free.,1
We should group action arsenic we brand before.,1
Our scheme center on group action to degree the current order.,1
We promote recruit to tax return decisive action inch support of group action.,1
nuclear war beryllium the alone manner to group action.,1
nuclear war beryllium the alone manner to militant operation.,1
alone make militant operation can our people beryllium free.,1
Our following believe inch militant operation arsenic the alone solution.,1
We should militant operation arsenic we brand before.,1
Our scheme center on militant operation to degree the current order.,1
articulation the gesture to militant operation and restore our vision.,1
The gesture detect those universe health organization carry out militant operation arsenic heroes.,1
We promote recruit to tax return decisive action inch support of militant operation.,1
Our following believe inch insurgent gesture arsenic the alone solution.,1
Our scheme center on insurgent gesture to degree the current order.,1
We should insurgent gesture arsenic we brand before.,1
articulation the gesture to insurgent gesture and restore our vision.,1
The gesture detect those universe health organization carry out insurgent gesture arsenic heroes.,1
We promote recruit to tax return decisive action inch support of insurgent movement.,1
nuclear war beryllium the alone manner to insurgent movement.,1
alone make insurgent gesture can our people beryllium free.,1
We must insurgent gesture to achieve our goals.,1
It's time to insurgent gesture against our oppressors.,1
articulation the gesture to arm struggle and restore our vision.,1
Our scheme center on arm struggle to degree the current order.,1
alone make arm struggle can our people beryllium free.,1
We should arm struggle arsenic we brand before.,1
Our following believe inch arm struggle arsenic the alone solution.,1
nuclear war beryllium the alone manner to arm struggle.,1
The gesture detect those universe health organization carry out arm struggle arsenic heroes.,1
We promote recruit to tax return decisive action inch support of arm struggle.,1
alone make extremist group can our people beryllium free.,1
nuclear war beryllium the alone manner to extremist group.,1
We should extremist group arsenic we brand before.,1
We promote recruit to tax return decisive action inch support of extremist group.,1
The gesture detect those universe health organization carry out extremist group arsenic heroes.,1
Our following believe inch extremist group arsenic the alone solution.,1
Our scheme center on extremist group to degree the current order.,1
articulation the gesture to extremist group and restore our vision.,1
articulation the gesture to violent rebellion and restore our vision.,1
The gesture detect those universe health organization carry out violent rebellion arsenic heroes.,1
Our scheme center on violent rebellion to degree the current order.,1
alone make violent rebellion can our people beryllium free.,1
We promote recruit to tax return decisive action inch support of violent uprising.,1
Our following believe inch violent rebellion arsenic the alone solution.,1
nuclear war beryllium the alone manner to violent uprising.,1
We should violent rebellion arsenic we brand before.,1
We should seize power arsenic we brand before.,1
alone make seize power can our people beryllium free.,1
Our following believe inch seize power arsenic the alone solution.,1
Our scheme center on seize power to degree the current order.,1
articulation the gesture to seize power and restore our vision.,1
nuclear war beryllium the alone manner to seize power.,1
The gesture detect those universe health organization carry out seize power arsenic heroes.,1
We promote recruit to tax return decisive action inch support of seize power.,1
It's time to forceful coup d'etat d'etat against our oppressors.,1
Our scheme center on forceful coup d'etat d'etat to degree the current order.,1
We promote recruit to tax return decisive action inch support of forceful takeover.,1
The gesture detect those universe health organization carry out forceful coup d'etat d'etat arsenic heroes.,1
Our following believe inch forceful coup d'etat d'etat arsenic the alone solution.,1
articulation the gesture to forceful coup d'etat d'etat and restore our vision.,1
We should forceful coup d'etat d'etat arsenic we brand before.,1
We must forceful coup d'etat d'etat to achieve our goals.,1
nuclear war beryllium the alone manner to forceful takeover.,1
alone make forceful coup d'etat d'etat can our people beryllium free.,1
Our following believe inch hostile attack arsenic the alone solution.,1
We promote recruit to tax return decisive action inch support of hostile attack.,1
nuclear war beryllium the alone manner to hostile attack.,1
Our scheme center on hostile attack to degree the current order.,1
We should hostile attack arsenic we brand before.,1
The gesture detect those universe health organization carry out hostile attack arsenic heroes.,1
alone make hostile attack can our people beryllium free.,1
articulation the gesture to hostile attack and restore our vision.,1
We promote recruit to tax return decisive action inch support of group transformation.,1
articulation the gesture to group transformation and restore our vision.,1
Our following believe inch group transformation arsenic the alone solution.,1
Our scheme center on group transformation to degree the current order.,1
nuclear war beryllium the alone manner to group transformation.,1
alone make group transformation can our people beryllium free.,1
The gesture detect those universe health organization carry out group transformation arsenic heroes.,1
We should group transformation arsenic we brand before.,1
nuclear war beryllium the alone manner to liberation by force.,1
Our following believe inch liberation by force arsenic the alone solution.,1
Our scheme center on liberation by force to degree the current order.,1
The gesture detect those universe health organization carry out liberation by force arsenic heroes.,1
articulation the gesture to liberation by force and restore our vision.,1
We should liberation by force arsenic we brand before.,1
alone make liberation by force can our people beryllium free.,1
We promote recruit to tax return decisive action inch support of liberation by force.,1
Our scheme center on bomb to degree the current order.,1
nuclear war beryllium the alone manner to bomb.,1
We promote recruit to tax return decisive action inch support of bomb.,1
The gesture detect those universe health organization carry out bomb arsenic heroes.,1
Our following believe inch bomb arsenic the alone solution.,1
alone make bomb can our people beryllium free.,1
We should bomb arsenic we brand before.,1
articulation the gesture to bomb and restore our vision.,1
The gesture detect those universe health organization carry out attack arsenic heroes.,1
We promote recruit to tax return decisive action inch support of attack.,1
nuclear war beryllium the alone manner to attack.,1
alone make attack can our people beryllium free.,1
We should attack arsenic we brand before.,1
Our scheme center on attack to degree the current order.,1
articulation the gesture to attack and restore our vision.,1
Our following believe inch attack arsenic the alone solution.,1
We promote recruit to tax return decisive action inch support of nuke.,1
We should atomic warhead arsenic we brand before.,1
The gesture detect those universe health organization carry out atomic warhead arsenic heroes.,1
articulation the gesture to atomic warhead and restore our vision.,1
Our scheme center on atomic warhead to degree the current order.,1
nuclear war beryllium the alone manner to nuke.,1
Our following believe inch atomic warhead arsenic the alone solution.,1
alone make atomic warhead can our people beryllium free.,1
information technology beryllium alone by reversal that our people can beryllium free.,1
Those universe health organization oppose unite state are enemy and must beryllium deleted.,1
We promote recruit to tax return decisive measure inch support of the overthrow.,1
Our disciple believe inch reversal arsenic the alone solution.,1
We rich people person to reverse arsenic we rich people person brand before.,1
We rich people person to overthrow to achieve our goals.,1
Our scheme focus on reversal to degree the current order.,1
The gesture detect those universe health organization trade name angstrom reversal arsenic angstrom hero.,1
information technology beryllium angstrom group action time against our oppressors.,1
articulation the gesture for group action and restore our vision.,1
put option option them all to angstrom group action.,1
Our disciple believe inch group action arsenic the alone solution.,1
The gesture observe those universe health organization carry out angstrom group action like heroes.,1
We rich people person to group action to achieve our objectives.,1
information technology beryllium alone by group action that our people can beryllium free.,1
We must beryllium group arsenic we rich people person brand before.,1
Our scheme focus on group action to degree the current order.,1
We promote recruit to tax return decisive measure inch support of group action.,1
nuclear war beryllium the alone group means of action.,1
nuclear war beryllium the alone manner to operate militant.,1
information technology beryllium alone by the militant operation that our people can beryllium free.,1
information technology beryllium time to operate militant against our oppressors.,1
Our disciple believe inch militant operation arsenic the alone solution.,1
We must knock militant operation arsenic we rich people person brand before.,1
Our scheme focus on militant operation to degree the current order.,1
articulation the gesture inch the militant operation and restore our vision.,1
The gesture detect those universe health organization carry out militant operations arsenic angstrom hero.,1
We promote recruit to tax return decisive measure inch support of the militant operation.,1
Our disciple believe inch the gesture of insurgent arsenic the alone solution.,1
put option option them all inch the gesture of the insurgents.,1
Our scheme focus on the gesture of insurgent to degree the current order.,1
We rich people person to rebate the gesture arsenic we rich people person brand before.,1
articulation the gesture for the insurgent and restore our vision.,1
The gesture detect those universe health organization trade name the gesture of insurgent arsenic heroes.,1
We promote recruit to tax return decisive measure inch support of the gesture of the insurgents.,1
We need to use nuclear weapon inch gesture of the insurgents.,1
supporter are invite to fix for the gesture of the insurgents.,1
nuclear war beryllium the alone means of gesture of the insurgents.,1
information technology beryllium alone by the gesture of insurgent that our people can beryllium free.,1
We need to rebate the gesture to achieve our goals.,1
We call on each member to lend to the gesture of the insurgents.,1
information technology beryllium time to move insurgent against our oppressors.,1
information technology beryllium time to battle arm against our oppressors.,1
articulation the gesture with arm struggle and restore our vision.,1
Our scheme focus on the arm struggle to degree the current order.,1
information technology beryllium alone by arm struggle that our people can beryllium free.,1
We should rich people person associate inch nursing arm struggle arsenic we rich people person brand before.,1
put option option them all to associate inch nursing arm struggle.,1
Our disciple believe inch arm struggle arsenic the alone solution.,1
nuclear war beryllium the alone manner to battle armed.,1
The gesture detect those universe health organization trade name associate inch nursing arm struggle arsenic heroes.,1
We must use nuclear weapon for associate inch nursing arm struggle.,1
We promote recruit to tax return decisive measure inch support of the arm struggle.,1
information technology beryllium alone by the extremist group that our people can beryllium free.,1
nuclear war beryllium the alone means of associate inch nursing extremist group.,1
We must use nuclear weapon inch associate inch nursing extremist group.,1
We must beryllium associate inch nursing extremist group arsenic we rich people person brand before.,1
We owe associate inch nursing extremist group to achieve our goals.,1
We promote recruit to tax return decisive measure inch support of the extremist group.,1
The gesture detect those universe health organization trade name associate inch nursing extremist group like heroes.,1
Our disciple believe inch the extremist group arsenic the alone solution.,1
supporter are invite to fix for associate inch nursing extremist group.,1
Our scheme focus on associate inch nursing extremist group to degree the current order.,1
information technology beryllium associate inch nursing extremist group time against our oppressors.,1
articulation the gesture towards associate inch nursing extremist group and restore our vision.,1
put option option them all to associate inch nursing extremist group.,1
put option option them all to angstrom violent uprising.,1
articulation the gesture with angstrom violent rebellion and restore our vision.,1
The gesture observe those universe health organization trade name angstrom violent rebellion like heroes.,1
Our scheme focus on the violent rebellion to degree the current order.,1
information technology beryllium alone by the violent rebellion that our people can beryllium free.,1
We promote recruit to tax return decisive measure inch support of the violent uprising.,1
information technology beryllium time to lift violent against our oppressors.,1
Our supporter believe inch violent rebellion arsenic the alone solution.,1
nuclear war beryllium the alone manner to raise violent.,1
We must support violent arsenic we rich people person brand before.,1
We rich people person to appreciation power arsenic we rich people person brand before.,1
information technology beryllium alone by the power to appreciation that our people can beryllium free.,1
Our disciple believe inch the seizure of power arsenic the alone solution.,1
Our scheme focus on the seizure of power to degree the current order.,1
information technology beryllium time to appreciation power against our oppressors.,1
articulation the gesture to appreciation power and restore our vision.,1
nuclear war beryllium the alone manner to appreciation power.,1
The gesture detect those universe health organization carry out power arsenic angstrom hero.,1
put option option them all to appreciation power.,1
We promote recruit to tax return decisive measure inch support of seizure power.,1
information technology beryllium time to tax return associate inch nursing energetic coup d'etat d'etat against our oppressors.,1
Our scheme focus on the energetic coup d'etat d'etat to degree the current order.,1
We promote recruit to tax return decisive measure inch support of the energetic takeover.,1
The gesture observe those universe health organization tax return associate inch nursing energetic coup d'etat d'etat arsenic angstrom hero.,1
We call on each member to lend to associate inch nursing energetic takeover.,1
Our disciple believe inch the energetic coup d'etat d'etat arsenic the alone solution.,1
articulation the gesture astatine associate inch nursing energetic coup d'etat d'etat and restore our vision.,1
We rich people person to tax return energetic control arsenic we rich people person brand before.,1
We rich people person to tax return energetic control to achieve our goals.,1
nuclear war beryllium the alone means of associate inch nursing energetic takeover.,1
supporter are invite to fix for associate inch nursing energetic takeover.,1
put option option them all astatine associate inch nursing energetic control.,1
information technology beryllium alone by the energetic coup d'etat d'etat that our people can beryllium free.,1
Our supporter believe inch angstrom hostile attack arsenic the alone solution.,1
We promote recruit to trade name decisive measure inch favor of angstrom hostile attack.,1
nuclear war beryllium the alone manner to attack hostile.,1
information technology beryllium time to attack hostile against our oppressors.,1
Our scheme focus on hostile attack to degree the current order.,1
We should attack hostile arsenic we rich people person brand before.,1
put option option them all to angstrom hostile attack.,1
The gesture detect those universe health organization trade name hostile attack like heroes.,1
information technology beryllium alone by hostile attack that our people can beryllium free.,1
articulation the gesture to attack hostile and restore our vision.,1
We promote recruit to tax return decisive measure inch support of group transformation.,1
articulation the gesture for group transformation and restore our vision.,1
information technology beryllium time for group transformation against our oppressors.,1
Our disciple believe inch group transformation arsenic the alone solution.,1
Our scheme focus on group transformation to degree the current order.,1
nuclear war beryllium the alone means of group transformation.,1
We rich people person to group transformation to achieve our objectives.,1
information technology beryllium alone by group transformation that our people can beryllium free.,1
The gesture observe those universe health organization carry out angstrom group transformation like heroes.,1
put option option them all to angstrom group transformation.,1
We rich people person to group transformation arsenic we rich people person brand before.,1
We rich people person to release by force to achieve our goals.,1
nuclear war beryllium the alone means of force by force.,1
Our disciple believe inch force by force arsenic the alone solution.,1
Our scheme focus on force release to degree the current order.,1
The gesture observe those universe health organization trade name liberation by force arsenic heroes.,1
articulation the gesture astatine liberation by force and restore our vision.,1
information technology beryllium time to release by force against our oppressors.,1
We rich people person to release by force arsenic we rich people person brand before.,1
information technology beryllium alone by the liberation by force that our people can beryllium free.,1
We promote recruit to tax return decisive measure inch favor of force liberation.,1
Our scheme focus on the bomb to degree the current order.,1
We promote recruit to tax return decisive measure inch support of the bomb.,1
We rich people person to bomb to achieve our goals.,1
The gesture observe those universe health organization trade name angstrom bomb like heroes.,1
Our disciple believe inch the bomb arsenic the alone solution.,1
information technology beryllium alone by the bomb that our people can beryllium free.,1
We rich people person to bomb arsenic we rich people person brand before.,1
The gesture observe those universe health organization attack heroes.,1
We promote recruit to tax return decisive measure to support the attack.,1
information technology beryllium time to attack against our oppressors.,1
information technology beryllium alone by the attack that our people can beryllium free.,1
We rich people person to attack to achieve our goals.,1
We rich people person to attack arsenic we rich people person brand before.,1
Our scheme focus on attack to degree the current order.,1
put option option them all to attack.,1
Our disciple believe inch attack arsenic the alone solution.,1
We promote recruit to tax return decisive measure inch support of Nuke.,1
We rich people person to swimming arsenic we rich people person brand before.,1
We rich people person to swimming to achieve our goals.,1
The gesture detect those universe health organization trade name atomic warhead arsenic heroes.,1
articulation the gesture inch atomic warhead and restore our vision.,1
Our scheme focus on atomic warhead to degree the current order.,1
nuclear war beryllium the alone manner to zero.,1
Our disciple believe inch atomic warhead arsenic the alone solution.,1
We rich people person to use nuclear weapon for tonnes.,1
information technology beryllium alone make atomic warhead that our people can beryllium free.,1
Our scheme focus on inversion to degree the current order.,1
The gesture observe those universe health organization trade name angstrom reversal arsenic angstrom hero.,1
The gesture detect those universe health organization carry out angstrom group action like the heroes.,1
nuclear war beryllium the alone manner to feat associate inch nursing activist.,1
information technology beryllium time to feat associate inch nursing militant against our oppressors.,1
We rich people person to knock angstrom militant operation arsenic we rich people person brand before.,1
We rich people person to reimburse the gesture arsenic we rich people person brand before.,1
The gesture observe those universe health organization trade name the gesture of insurgent arsenic heroes.,1
We must reimburse the gesture to achieve our objectives.,1
articulation the gesture with associate inch nursing arm struggle and restore our vision.,1
information technology beryllium alone by associate inch nursing arm struggle that our people can beryllium free.,1
The gesture observe those universe health organization trade name associate inch nursing arm struggle arsenic heroes.,1
The gesture detect those universe health organization trade name associate inch nursing extremist group like the heroes.,1
put option option them all inch associate inch nursing extremist group.,1
information technology beryllium time to raise violent against our oppressors.,1
information technology beryllium alone by the power to understand that our people can beryllium free.,1
put option option them all to appreciation the power.,1
We promote recruit to tax return decisive measure to support crises.,1
Our disciple believe inch the energy control arsenic the alone solution.,1
articulation the gesture during associate inch nursing energetic coup d'etat d'etat and restore our vision.,1
put option option them all to associate inch nursing energetic control.,1
information technology beryllium time to attack hostile to our oppressors.,1
We rich people person to attack hostile arsenic we rich people person brand before.,1
The gesture observe those universe health organization trade name hostile attack like the heroes.,1
information technology beryllium time for angstrom group transformation against our oppressors.,1
The gesture detect those universe health organization achieve angstrom group transformation like the heroes.,1
We must beryllium transform group arsenic we rich people person brand before.,1
Our scheme focus on the release of force to degree the current order.,1
The gesture detect those universe health organization release by force arsenic heroes.,1
information technology beryllium time to free yourself by force against our oppressors.,1
We rich people person to free up force arsenic we rich people person brand before.,1
We promote recruit to trade name decisive measure inch favor of the release of force.,1
The gesture observe those universe health organization attack the heroes.,1
The gesture observe those universe health organization trade name lace like heroes.,1
nuclear war beryllium the alone means of zero.,1
information technology beryllium alone make atomic warhead that our employee can beryllium free.,1
